,UDP,TLSv1.2,TCP,DNS,RTCP,HTTP,LLMNR,NBNS,MDNS,TLSv1.3,ARP,QUIC,BROWSER,SSLv2,SSDP,AJP13,TPLINK-SMARTHOME/JSON,IGMPv3,ICMP,OCSP,ICMPv6
0,3243375.0,36162.15,4640030984.066668,60.0,3285.6,7348.266666666667,9.6,2.8166666666666664,2124.15,58452114.016666666,14.016666666666666,1560.6000000000001,0.016666666666666666,984.15,1.6666666666666667,1.6666666666666667,0.06666666666666667,0.26666666666666666,0.016666666666666666,0.016666666666666666,0.0
1,0.0,128.0,234.72222222222226,0.8888888888888888,0.0,0.2222222222222222,0.0,0.0,0.0,34.72222222222223,0.0,0.0,0.0,0.0,0.0,0.0,0.0,0.0,0.0,0.0,4.5
2,0.0,177.19047619047618,4906.714285714285,96.42857142857143,0.0,0.0,0.0,0.0,0.0,2368.047619047619,0.0,6.857142857142857,0.0,0.0,0.0,0.0,0.0,0.0,0.047619047619047616,0.0,0.42857142857142855
