,ARP,LLMNR,IGMPv3,UDP,DNS,TCP,NTP,NBNS,SSDP,TLSv1,HTTP,BROWSER
0,27.0,192.0,12.0,5.333333333333333,33.333333333333336,728161.3333333334,0.3333333333333333,867.0,147.0,133.33333333333334,14.083333333333332,161.33333333333331
