,UDP,TLSv1.2,TCP,DNS,RTCP,HTTP,LLMNR,NBNS,MDNS,TLSv1.3,ARP,QUIC,BROWSER,SSLv2,SSDP,AJP13,TPLINK-SMARTHOME/JSON,IGMPv3,ICMP,OCSP,ICMPv6,NTP,TLSv1
0,2432531.25,27121.612500000003,3480023238.05,45.0,2464.2,5511.200000000001,7.199999999999999,2.1125000000000003,1593.1125000000002,43839085.5125,10.5125,1170.45,0.0125,738.1125000000001,1.25,1.25,0.05,0.2,0.0125,0.0125,0.0,0.0,0.0
1,0.0,96.0,176.04166666666669,0.6666666666666666,0.0,0.16666666666666666,0.0,0.0,0.0,26.041666666666668,0.0,0.0,0.0,0.0,0.0,0.0,0.0,0.0,0.0,0.0,3.375,0.0,0.0
2,0.0,132.89285714285714,3680.035714285714,72.32142857142857,0.0,0.0,0.0,0.0,0.0,1776.0357142857142,0.0,5.142857142857142,0.0,0.0,0.0,0.0,0.0,0.0,0.03571428571428571,0.0,0.3214285714285714,0.0,0.0
3,1.3333333333333333,0.0,182040.33333333334,8.333333333333334,0.0,3.520833333333333,48.0,216.75,0.0,0.0,6.75,0.0,40.33333333333333,0.0,36.75,0.0,0.0,3.0,0.0,0.0,0.0,0.08333333333333333,33.333333333333336
